tiempo_utc,detector,altura_rsun,V_sector_m3,V_sector_err_m3,V_sector_UA3,V_esfera_adosada_m3
2024-12-17 16:00:05,C2,2.985,3.7514e+28,1.847e+27,1.1205e-05,1.3789e+27
2024-12-17 16:12:05,C2,5.883,2.8718e+29,7.176e+27,8.5778e-05,2.0527e+28
2024-12-17 16:18:06,C3,7.154,5.1642e+29,4.981e+28,1.5425e-04,4.1090e+28
2024-12-17 16:30:05,C3,9.334,1.1470e+30,8.479e+28,3.4260e-04,1.0205e+29
2024-12-17 16:42:05,C3,11.746,2.2857e+30,1.343e+29,6.8273e-04,2.1878e+29
2024-12-17 16:54:05,C3,13.707,3.6323e+30,1.828e+29,1.0849e-03,3.6174e+29
2024-12-17 17:06:05,C3,15.580,5.3340e+30,2.362e+29,1.5932e-03,5.4643e+29
2024-12-17 17:18:05,C3,17.291,7.2915e+30,2.910e+29,2.1779e-03,7.6227e+29
2024-12-17 17:30:06,C3,19.120,9.8587e+30,3.558e+29,2.9447e-03,1.0489e+30
2024-12-17 17:42:05,C3,20.509,1.2167e+31,4.093e+29,3.6342e-03,1.3091e+30
2024-12-17 17:54:05,C3,22.365,1.5778e+31,4.868e+29,4.7129e-03,1.7194e+30
2024-12-17 18:06:05,C3,23.993,1.9481e+31,5.602e+29,5.8188e-03,2.1431e+30
2024-12-17 18:18:06,C3,25.863,2.4400e+31,6.510e+29,7.2881e-03,2.7097e+30
2024-12-17 18:30:05,C3,27.246,2.8527e+31,7.225e+29,8.5209e-03,3.1875e+30
