tiempo_utc,detector,altura_rsun,sigma_rsun,pa_calculado,pa_anotado
2024-12-17 16:00:05,C2,2.985,0.049,181.4,181.4
2024-12-17 16:12:05,C2,5.883,0.049,173.1,173.1
2024-12-17 16:18:06,C3,7.154,0.23,181.7,181.7
2024-12-17 16:30:05,C3,9.334,0.23,180.6,180.6
2024-12-17 16:42:05,C3,11.746,0.23,179.4,179.4
2024-12-17 16:54:05,C3,13.707,0.23,178.0,178.0
2024-12-17 17:06:05,C3,15.58,0.23,175.7,175.7
2024-12-17 17:18:05,C3,17.291,0.23,176.5,176.5
2024-12-17 17:30:06,C3,19.12,0.23,177.2,177.2
2024-12-17 17:42:05,C3,20.509,0.23,176.8,176.8
2024-12-17 17:54:05,C3,22.365,0.23,176.1,176.1
2024-12-17 18:06:05,C3,23.993,0.23,175.6,175.6
2024-12-17 18:18:06,C3,25.863,0.23,174.9,174.9
2024-12-17 18:30:05,C3,27.246,0.23,174.9,174.9
